<?xml version="1.0" encoding="UTF-8"?>
<project-private xmlns="http://www.netbeans.org/ns/project-private/1">
    <editor-bookmarks xmlns="http://www.netbeans.org/ns/editor-bookmarks/2" lastBookmarkId="0"/>
    <open-files xmlns="http://www.netbeans.org/ns/projectui-open-files/2">
        <group>
            <file>file:/H:/SECOND%20YEAR%20COMPUTER%20SCIENCE/Maths%20And%20Physical/SnookerCoursework/src/snookercoursework/SnookerCoursework.java</file>
            <file>file:/H:/SECOND%20YEAR%20COMPUTER%20SCIENCE/Maths%20And%20Physical/SnookerCoursework/src/snookercoursework/Vector3DMaths.java</file>
            <file>file:/H:/SECOND%20YEAR%20COMPUTER%20SCIENCE/Maths%20And%20Physical/SnookerCoursework/src/snookercoursework/Vector2DMaths.java</file>
        </group>
    </open-files>
</project-private>
